1240,  , , , , , , , , , , , , , , , , , , , , , , , , , , , , , , , , , , , , , , , , , , , , , , , , , , , , , , , , , , , , , , , , , , , , , , , , , , , ,x, , , , , , , , , , , , , , , , , , , , , , , , , , , , , , , , , , , , , , , , , , , , , , , , , , , , , , , , , , , , , , , , , , , , , , , , , , , , , , , , , , , , , , , , , , , , , , , , , , , , , , , , , , , , , , , , , , , , , , , , , , , , , , , , , , , , , , , , , , , , , , , , , , , , , , , , , , , , , , , , , , , , , , , , , , , , , , , , , , , , , , , , , , , , , , , , , , , , , , , , , , , , , , , , , , , , , , , , , , , , , , , , , , , , , , , , , , , , , , , , , , , , , , , , , , , , , , , , , , , , , , , , , , , , , , , , , , , , , , , , , , , , , , , , , , , , , , , , , , , , , , , , , , , , , , , , , , , , , , , ,
1230,  , , , , , , , , , , , , , , , , , , , , , , , , , , , , , , , , , , , , , , , , , , , , , , , , , , , , , , , , , , , , , , , , , , , , , , , , , , , ,x,o,x, , , , , , , , , , , , , , , , , , , , , , , , , , , , , , , , , , , , , , , , , , , , , , , , , , , , , , , , , , , , , , , , , , , , , , , , , , , , , , , , , , , , , , , , , , , , , , , , , , , , , , , , , , , , , , , , , , , , , , , , , , , , , , , , , , , , , , , , , , , , , , , , , , , , , , , , , , , , , , , , , , , , , , , , , , , , , , , , , , , , , , , , , , , , , , , , , , , , , , , , , , , , , , , , , , , , , , , , , , , , , , , , , , , , , , , , , , , , , , , , , , , , , , , , , , , , , , , , , , , , , , , , , , , , , , , , , , , , , , , , , , , , , , , , , , , , , , , , , , , , , , , , , , , , , , , , , , , , , ,
1220,  , , , , , , , , , , , , , , , , , , , , , , , , , , , , , , , , , , , , , , , , , , , , , , , , , , , , , , , , , , , , , , , , , , , , , , , , , , , ,x,o,x,o, , , , , , , , , , , , , , , , , , , , , , , , , , , , , , , , , , , , , , , , , , , , , , , , , , , , , , , , , , , , , , , , , , , , , , , , , , , , , , , , , , , , , , , , , , , , , , , , , , , , , , , , , , , , , , , , , , , , , , , , , , , , , , , , , , , , , , , , , , , , , , , , , , , , , , , , , , , , , , , , , , , , , , , , , , , , , , , , , , , , , , , , , , , , , , , , , , , , , , , , , , , , , , , , , , , , , , , , , , , , , , , , , , , , , , , , , , , , , , , , , , , , , , , , , , , , , , , , , , , , , , , , , , , , , , , , , , , , , , , , , , , , , , , , , , , , , , , , , , , , , , , , , , , , , , , , , , , , ,
1210, x, , , , , , , , , , , , , , , , , , , , , , , , , , , , , , , , , , , , , , , , , , , , , , , , , , , , , , , , , , , , , , , , , , , , , , , , , , , ,x,o,x,o, , , , , , , , , , , , , , , , , , , , , , , , , , , , , , , , , , , , , , , , , , , , , , , , , , , , , , , , , , , , , , , , , , , , , , , , , , , , , , , , , , , , , , , , , , , , , , , , , , , , , , , , , , , , , , , , , , , , , , , , , , , , , , , , , , , , , , , , , , , , , , , , , , , , , , , , , , , , , , , , , , , , , , , , , , , , , , , , , , , , , , , , , , , , , , , , , , , , , , , , , , , , , , , , , , , , , , , , , , , , , , , , , , , , , , , , , , , , , , , , , , , , , , , , , , , , , , , , , , , , , , , , , , , , , , , , , , , , , , , , , , , , , , , , , , , , , , , , , , , , , , , , , , , , , , , , , , , , ,
1200, x,o, , , , , , , , , , , , , , , , , , , , , , , , , , , , , , , , , , , , , , , , , , , , , , , , , , , , , , , , , , , , , , , , , , , , , , , , , , ,x,o,x,o, , , , , , , , , , , , , , , , , , , , , , , , , , , , , , , , , , , , , , , , , , , , , , , , , , , , , , , , , , , , , , , , , , , , , , , , , , , , , , , , , , , , , , , , , , , , , , , , , , , , , , , , , , , , , , , , , , , , , , , , , , , , , , , , , , , , , , , , , , , , , , , , , , , , , , , , , , , , , , , , , , , , , , , , , , , , , , , , , , , , , , , , , , , , , , , , , , , , , , , , , , , , , , , , , , , , , , , , , , , , , , , , , , , , , , , , , , , , , , , , , , , , , , , , , , , , , , , , , , , , , , , , , , , , , , , , , , , , , , , , , , , , , , , , , , , , , , , , , , , , , , , , , , , , , , , , , , , , ,
1190,  ,o, , , , , , , , , , , , , , , , , , , , , , , , , , , , , , , , , , , , , , , , , , , , , , , , , , , , , , , , , , , , , , , , , , , , , , , , , , ,x,o,x,o, , , , , , , , , , , , , , , , , , , , , , , , , , , , , , , , , , , , , , , , , , , , , , , , , , , , , , , , , , , , , , , , , , , , , , , , , , , , , , , , , , , , , , , , , , , , , , , , , , , , , , , , , , , , , , , , , , , , , , , , , , , , , , , , , , , , , , , , , , , , , , , , , , , , , , , , , , , , , , , , , , , , , , , , , , , , , , , , , , , , , , , , , , , , , , , , , , , , , , , , , , , , , , , , , , , , , , , , , , , , , , , , , , , , , , , , , , , , , , , , , , , , , , , , , , , , , , , , , , , , , , , , , , , , , , , , , , , , , , , , , , , , , , , , , , , , , , , , , , , , , , , , , , , , , , , , , , , , ,
1180,  ,o, , , , , , , , , , ,x, , , , , , , , , , , , , , , , , , , , , , , , , , , , , , , , , , , , , , , , , , , , , , , , , , , , , , , , , ,x, , , ,x, ,x,o, ,o, , , , , , , , , , , , , , , , , , , , , , , , , , , , , , , , , , , , , , , , , , , , , , , , , , , , , , , , , , , , , , , , , , , , , , , , , , , , , , , , , , , , , , , , , , , , , , , , , , , , , , , , , , , , , , , , , , , , , , , , , , , , , , , , , , , , , , , , , , , , , , , , , , , , , , , , , , , , , , , , , , , , , , , , , , , , , , , , , , , , , , , , , , , , , , , , , , , , , , , , , , , , , , , , , , , , , , , , , , , , , , , , , , , , , , , , , , , , , , , , , , , , , , , , , , , , , , , , , , , , , , , , , , , , , , , , , , , , , , , , , , , , , , , , , , , , , , , , , , , , , , , , , , , , , , , , , , , , ,
1170,  ,o, , , , , , , , , , ,x,o,x, , , ,x, , , , , , , , , , , , , , , , , , , , , , , , , , , , , , , , , , , , , , , , , , , , , , , , , , , ,x,o, , ,x,o,x, , ,o, , , , , , , , , , , , , , , , , , , , , , , , , , , , , , , , , , , , , , , , , , , , , , , , , , , , , , , , , , , , , , , , , , , , , , , , , , , , , , , , , , , , , , , , , , , , , , , , , , , , , , , , , , , , , , , , , , , , , , , , , , , , , , , , , , , , , , , , , , , , , , , , , , , , , , , , , , , , , , , , , , , , , , , , , , , , , , , , , , , , , , , , , , , , , , , , , , , , , , , , , , , , , , , , , , , , , , , , , , , , , , , , , , , , , , , , , , , , , , , , , , , , , , , , , , , , , , , , , , , , , , , , , , , , , , , , , , , , , , , , , , , , , , , , , , , , , , , , , , , , , , , , , , , , , , , , , , , , ,
1160,  ,o, , , , ,x, ,x, , , ,x,o,x,o, , ,x,o, , , , , , , , , , , , , , , , , , , , , , , , , , , , , , , , , , , , , , , , , , , , , , , , , , ,x,o, , ,x,o,x, , ,o, , , , , , , , , , , , , , , , , , , , , , , , , , , , , , , , , , , , , , , , , , , , , , , , , , , , , , , , , , , , , , , , , , , , , , , , , , , , , , , , , , , , , , , , , , , , , , , , , , , , , , , , , , , , , , , , , , , , , , , , , , , , , , , , , , , , , , , , , , , , , , , , , , , , , , , , , , , , , , , , , , , , , , , , , , , , , , , , , , , , , , , , , , , , , , , , , , , , , , , , , , , , , , , , , , , , , , , , , , , , , , , , , , , , , , , , , , , , , , , , , , , , , , , , , , , , , , , , , , , , , , , , , , , , , , , , , , , , , , , , , , , , , , , , , , , , , , , , , , , , , , , , , , , , , , , , , , , , ,
1150,  ,o, , , , ,x,o,x,o, , ,x,o,x,o, , ,x,o, , , , , , , , , , , , , , , , , , , , , , , , , , , , , , , , , , , , , , , , , , , , , , , , , , ,x,o,x, ,x,o,x, , ,o, , , , , , , , , , , , , , , , , , , , , , , , , , , , , , , , , , , , , , , , , , , , , , , , , , , , , , , , , , , , , , , , , , , , , , , , , , , , , , , , , , , , , , , , , , , , ,x, , , , , , , , , , , , , , , , , , , , , , , , , , , , , , , , , , , , , , , , , , , , , , , , , , , , , , , , , , , , , , , , , , , , , , , , , , , , , , , , , , , , , , , , , , , , , , , , , , , , , , , , , , , , , , , , , , , , , , , , , , , , , , , , , , , , , , , , , , , , , , , , , , , , , , , , , , , , , , , , , , , , , , , , , , , , , , , , , , , , , , , , , , , , , , , , , , , , , , , , , , , , , , , , , , , , , , , , , , , , , , , ,
1140,  ,o, , , , ,x,o,x,o, , ,x,o,x,o, , ,x,o, , , , , , , , , , , , , , , , , , , , , , , , , , , , , , , , , , , , , , , , , , , , , , , , , , ,x,o,x,o,x,o,x, , ,o, , , , , , , , ,x, , , , , , , , , , , , , , , , , , , , , , , , , , , , , , , , , , , , , , , , , , , , , , , , , , , , , , , , , , , , , , , , , , , , , , , , , , , , , , , , , , , ,x,o,x, , , , , , , , , , , , , , , , , , , , , , , , , , , , , , , , , , , , , , , , , , , , , , , , , , , , , , , , , , , , , , , , , , , , , , , , , , , , , , , , , , , , , , , , , , , , , , , , , , , , , , , , , , , , , , , , , , , , , , , , , , , , , , , , , , , , , , , , , , , , , , , , , , , , , , , , , , , , , , , , , , , , , , , , , , , , , , , , , , , , , , , , , , , , , , , , , , , , , , , , , , , , , , , , , , , , , , , , , , , , , ,
1130,  ,o, , , , ,x,o,x,o,x, ,x,o, ,o,x, ,x,o, , , , , , , , , , , , , , , , , , , , , , , , , , , , , , , , , , , , , , , , , , , , , , , , , , ,x,o,x,o,x,o, , , ,o, , ,x, ,x, ,x, ,x,o, , , , , , , , , , , , , , , , , , , , , , , , , , , , , , , , , , , , , , , , , , , , , , , , , , , , , , , , , , , , , , , , , , , , , , , , , , , , , , , , , , ,x,o,x,o, , , , , , , , , , , , , , , , , , , , , , , , , , , , , , , , , , , , , , , , , , , , , , , , , , , , , , , , , , , , , , , , , , , , , , , , , , , , , , , , , , , , , , , , , , , , , , , , , , , , , , , , , , , , , , , , , , , , , , , , , , , , , , , , , , , , , , , , , , , , , , , , , , , , , , , , , , , , , , , , , , , , , , , , , , , , , , , , , , , , , , , , , , , , , , , , , , , , , , , , , , , , , , , , , , , , , , , , , , , , ,
1120,  ,o, , , , ,x,o,x,o,x,o,x, , ,o,x,o,x,o, , , , , , , , , , , , , , , , , , , , , , , , , , , , , , , , , , , , , , , , , , , , , , , , , , ,x,o,x,o,x, , , , ,o, , ,x,o,x,o,x,o,x,o,x, , , , , , , , , , , , , , , , , , , , , , , , , , , , , , , , , , , , , , , , , , , , , , , , , , , , , , , , , , , , , , , , , , , , , , , , , , , , , , , , , ,x,o,x,o,x, , , , , , , , , , , , , , , , , , , , , , , , , , , , , , , , , , , , , , , , , , , , , , , , , , , , , , , , , , , , , , , , , , , , , , , , , , , , , , , , , , , , , , , , , , , , , , , , , , , , , , , , , , , , , , , , , , , , , , , , , , , , , , , , , , , , , , , , , , , , , , , , , , , , , , , , , , , , , , , , , , , , , , , , , , , , , , , , , , , , , , , , , , , , , , , , , , , , , , , , , , , , , , , , , , , , , , , , , , , ,
1110,  ,o,x, , , ,x,o, ,o,x,o,x, , ,o,x,o,x,o, , , , , , , , , , , , , , , , , , , , , , , , , , , , , , , , , , ,x, ,x, ,x, , , , , , , ,x, , , ,x,o, ,o,x, , , , ,o, , ,x,o,x,o,x,o,x,o,x,o, , , , , , , , ,x, , , , , , , , , , , , , , , , , , , , , , , , , , , , , , , , , , , , , , , , , , , , , , , , , , , , , , , , , , , , , , , ,x, , , , , , , ,x,o,x,o,x,o, , , , , , , , ,x, ,x, , , , , , , , , , , , , , , , , , , , , , , , , , , , , , , , , , , , , , , , , , , , , , , , , , , , , , , , , , , , , , , , , , , , , , , , , , , , , , , , , , , , , , , , , , , , , , , , , , , , , , , , , , , , , , , , , , , , , , , , , , , , , , , , , , , , , , , , , , , , , , , , , , , , , , , , , , , , , , , , , , , , , , , , , , , , , , , , , , , , , , , , , , , , , , , , , , , , , , , , , , , , , , , ,
1100,  ,o,x,o,x, ,x, , ,o,x,o,x, , ,o,x,o,x,o, , , , , , , , , , , , , , , , , , , , , , , , , , , , , , , , , , ,x,o,x,o,x,o, , , , , , ,x,o,x, ,x, , ,o, , , , , ,o, , ,x,o,x,o,x,o,x,o,x,o,x, , , , , , , ,x,o, , , , , , , , , , , , , , , , , , , , , , , , , , , , , , , , , , , , , , , , , , , , , , , , , , , , , , , , , , , , , , ,x,o, , , , , , ,x,o, ,o,x,o, , , , , , , , ,x,o,x,o,x, , , , , , , , , , , , , , , , , , , , , , , , , , , , , , , , , , , , , , , , , , , , , , , , , , , , , , , , , , , , , , , , , , , , , , , , , , , , , , , , , , , , , , , , , , , , , , , , , , , , , , , , , , , , , , , , , , , , , , , , , , , , , , , , , , , , , , , , , , , , , , , , , , , , , , , , , , , , , , , , , , , , , , , , , , , , , , , , , , , , , , , , , , , , , , , , , , , , , , , , , , , , , ,
1090,  ,o,x,o,x,o,x, , ,o,x,o,x, , ,o,x,o, ,o, , , , , , , , , , , , , , , , , , , , , , , , , , , , , , ,x, ,x, ,x,o,x,o,x,o, , , , , , ,x,o,x,o,x, , , , , , , , ,o,x, ,x,o, ,o, ,o, ,o,x,o,x,o,x, , , , , ,x,o, , , , , , , , , , , , , , , , , , , , , , , , , , , , , , , , , , , , , , , , , , , , , , , , , , , , , , , , , , , , ,x, ,x,o,x, ,x, ,x, ,x, , ,o,x,o, , , , , , , , ,x,o,x,o,x,o, , , , , , , , , , , , , , , , , , , , , , , , , , , , , , , , , , , , , , , , , , , , , , , , , , , , , , , , , , , , , , , , , , , , , , , , , , , , , , , , , , , , , , , , , , , , , , , , , , , , , , , , , , , , , , , , , , , , , , , , , , , , , , , , , , , , , , , , , , , , , , , , , , , , , , , , , , , , , , , , , , , , , , , , , , , , , , , , , , , , , , , , , , , , , , , , , , , , , , , , , , , , ,
1080,  ,o,x,o,x,o,x, , ,o, ,o, , , ,o,x, , ,o, , , , , , , , , , , , , , , , , , , , , , , , , , , , , , ,x,o,x,o,x,o,x,o,x,o, , , , , , ,x,o,x,o,x, , , , , , , , ,o,x,o,x, , , , , , ,o, ,o,x,o,x,o, , , , ,x,o, , , , , , , , , , , , , , , , , , , , , , , , , , , , , , , , , , , , , , , , , , , , , , , , , , , , , , , , , , , , ,x,o,x,o,x,o,x,o,x,o,x, , ,o, ,o, , , , ,x, , , ,x,o,x,o,x,o, , , , , , , , , , , , , , , , , , , , , , , , , , , , , , , , , , , , , , , , , , , , , , , , , , , , , , , , , , , , , , , , , , , , , , , , , , , , , , , , , , , , , , , , , , , , , , , , , , , , , , , , , , , , , , , , , , , , , , , , , , , , , , , , , , , , , , , , , , , , , , , , , , , , , , , , , , , , , , , , , , , , , , , , , , , , , , , , , , , , , , , , , , , , , , , , , , , , , , , , , , , , ,
1070,  ,o, ,o,x,o,x, , , , , , , , ,o,x, , ,o, , , , , , , , , , , , , , , , , , , , , , , , , , , , , , ,x,o,x,o,x,o,x,o, ,o, , , , ,x, ,x,o,x,o,x, , , , , , , , ,o,x,o,x, , , , , , , , ,o,x,o,x,o,x, ,x, ,x,o, , , , , , , , , , , , , , , , , , , , , , , , , , , , , , , , , , , , , , , , , , , , , , , , , , , , , , , , , , , , ,x,o,x,o,x,o,x,o,x,o,x, , , , ,o,x, , , ,x,o, , ,x,o, ,o,x,o, , , , , , , , , , , , , , , , , , , , , , , , , , , , , , , , , , , , , , , , , , , , , , , , , , , , , , , , , , , , , , , , , , , , , , , , , , , , , , , , , , , , , , , , , , , , , , , , , , , , , , , , , , , , , , , , , , , , , , , , , , , , , , , , , , , , , , , , , , , , , , , , , , , , , , , , , , , , , , , , , , , , , , , , , , , , , , , , , , , , , , , , , , , , , , , , , , , , , , , , , , , , ,
1060,  , , ,o, ,o, , , , , , , , , ,o, , , ,o, , , , , , , , , , , , , , , , , , , , ,x, , , , , , , , , ,x,o,x,o,x,o,x, , ,o, , , , ,x,o,x,o, ,o, , , , , , , , , ,o,x,o,x, , , , , , , , ,o, ,o,x,o,x,o,x,o,x,o,x, , , , , , , , , , , , , , , , , , , , , , , , , , , , , , , , , , , , , , , , , , , ,x, ,x, , , , , ,x, , , , , , , ,x,o,x,o,x,o,x,o,x,o,x, , , , ,o,x,o,x, ,x,o,x, ,x, , ,o, ,o, , , , , , , , , , , , , , , , , , , , , , , , , , , , , , , , , , , , , , , , , , , , , , , , , , , , , , , , , , , , , , , , , , , , , , , , , , , , , , , , , , , , , , , , , , , , , , , , , , , , , , , , , , , , , , , , , , , , , , , , , , , , , , , , , , , , , , , , , , , , , , , , , , , , , , , , , , , , , , , , , , , , , , , , , , , , , , , , , , , , , , , , , , , , , , , , , , , , , , , , , , , , ,
1050,  , , , , , , , , , , , , , , , , , , ,o, , , , , , , , , , , , , , , , , , , , ,x,o, , , , , , , , ,x,o,x,o,x,o,x, , ,o, , , , ,x,o,x, , , , , , , , , , , , ,o, ,o,x, , , , , , , , , , ,o,x,o,x,o,x,o,x,o,x,o,x, , , , , , , , , , , , , , , , , , , , , , , , , , , , , , , , , , , , , , , , , ,x,o,x,o,x, ,x, ,x,o, , , , , , ,x,o, ,o, ,o,x,o,x,o,x, , , , ,o,x,o,x,o,x,o,x,o,x, , , , ,o, , , , , , , , , , , , , , , , , , , , , , , , , , , , , , , , , , , , , , , , , , , , , , , , , , , , , , , , , , , , , , , , , , , , , , , , , , , , , , , , , , , , , , , , , , , , , , , , , , , , , , , , , , , , , , , , , , , , , , , , , , , , , , , , , , , , , , , , , , , , , , , , , , , , , , , , , , , , , , , , , , , , , , , , , , , , , , , , , , , , , , , , , , , , , , , , , , , , , , , , , , , , ,
1040,  , , , , , , , , , , , , , , , , , , ,o, , , , , , , , , , , , , , , , , , , , ,x,o, , , , , , , , ,x,o, ,o, ,o,x, , ,o,x, , , ,x,o,x, , , , , , , , , , , , , , ,o,x, , , , , , , , , , ,o, ,o,x,o,x,o,x,o,x,o,x,o, , , , , , , , , , , , , , , , , , , , , , , , , , , , , , , , , , , , , , , , ,x,o,x,o,x,o,x,o,x,o, , , , , , ,x, , , , ,o, ,o,x,o, , , , , ,o,x,o,x,o,x,o,x,o,x, , , , ,o, , , , , , , , , , , , , , , , , , , , , , , , , , , , , , , , , , , , , , , , , , , , , , , , , , , , , , , , , , , , , , , , , , , , , , , , , , , , , , , , , , , , , , , , , , , , , , , , , , , , , , , , , , , , , , , , , , , , , , , , , , , , , , , , , , , , , , , , , , , , , , , , , , , , , , , , , , , , , , , , , , , , , , , , , , , , , , , , , , , , , , , , , , , , , , , , , , , , , , , , , , , , ,
1030,  , , , , , , , , , , , , , , , , , , ,o, , , , ,x, , , , , , , , , , , , , , , ,x,o,x, , , , , ,x, ,x, , , , ,o, , , ,o,x,o, , ,x,o,x, , , , , , , , , , , , , , ,o, , , , , , , , , , , , , ,o, ,o, ,o, ,o,x,o,x,o, , , , , , , , , , , , , , , , , , , , , , , , , , , , , , , , , , , , , , , , ,x,o,x,o,x,o,x,o,x,o,x, , , , , ,x, , , , , , ,o,x, , , , , , ,o,x,o,x,o,x,o,x,o,x, , , , ,o, , , , , , , , , , , , , , , , , , , , , , , , , , , , , , , , , , , , , , , , , , , , , , , , , , , , , , , , , , , , , , , , , , , , , , , , , , , , , , , , , , , , , , , , , , , , , , , , , , , , , , , , , , , , , , , , , , , , , , , , , , , , , , , , , , , , , , , , , , , , , , , , , , , , , , , , , , , , , , , , , , , , , , , , , , , , , , , , , , , , , , , , , , , , , , , , , , , , , , , , , , , , ,
1020,  , , , , , , , , , , , , , , , , , , ,o,x, ,x, ,x,o,x, , , , , , , , , , , , , ,x,o,x,o, , , , ,x,o,x, , , , , , , , ,o,x,o,x, ,x,o,x, , , , , , , , , , , , , , , , , , , , , , , , , , , , , , , , , , ,o, ,o,x,o, , , , , , , , , , , , , , , , , , , , , , , , , , , , , , , , , , , , , , , , ,x,o, ,o,x,o,x,o,x,o,x,o, , , , ,x, , , , , , ,o, , , , , , , ,o, ,o, ,o, ,o,x,o, , , , , ,o, , ,x, , , , , , , , , , , , , , , , , , , , , , , , , , , , , , , , , , , , , , , , , , , , , , , , , , , , , , , , , , , , , , , , , , , , , , , , , , , , , , , , , , , , , , , , , , , , , , , , , , , , , , , , , , , , , , , , , , , , , , , , , , , , , , , , , , , , , , , , , , , , , , , , , , , , , , , , , , , , , , , , , , , , , , , , , , , , , , , , , , , , , , , , , , , , , , , , , , , , , , , , , ,
1010,  , , , , , , , , , , , , , , , , , , ,o,x,o,x,o,x,o,x,o,x, , , , , , , , , , , ,x,o,x,o, , , , ,x,o,x, , , , , , , , ,o,x,o,x,o,x,o, , , , , , , , , , , , , , , , , , , , , , , , , , , , , , , , , , , , , ,o, ,o, , , , , , , , , , , , , , , , , , , , , , , , , , , , , , , , , , , , , , , , ,x, , ,o, ,o, ,o, ,o,x,o, , , , ,x, , , , , , , , , , , , , , , , , , , , ,o, , , , , , , ,o, , ,x,o, , , , , , , , , , , , , , , , , , , , , , , , , , , , , , , , , , , , , , , , , , , , , , , , , , , , , , , , , , , , , , , , , , , , , , , , , , , , , , , , , , , , , , , , , , , , , , , , , , , , , , , , , , , , , , , , , , , , , , , , , , , , , , , , , , , , , , , , , , , , , , , , , , , , , , , , , , , , , , , , , , , , , , , , , , , , , , , , , , , , , , , , , , , , , , , , , , , , , , , , ,
1000,  , , , , , , , , , , , , , , , , , , ,o,x,o,x,o,x,o,x,o,x,o, , , , , , , , , , ,x,o,x,o,x, , , ,x,o,x, , , , , , , , ,o, ,o,x,o,x, , , , , , , , , , , , , , , , , , , , , , , , , , , , , , , , , , , , , , , , ,o, , , , , , , , , , , , , , , , , , , , , , , , , , , , , , , , , , , , , , , , ,x, , , , , , , , ,o,x,o, , , , ,x, , , , , , , , , , , , , , , , , , , , , , , , , , , , ,o,x, ,x,o, , , , , , , , , , , , , , , , , , , , , , , , , , , , , , , , , , , , , , , , , , , , , , , , , , , , , , , , , , , , , , , , , , , , , , , , , , , , , , , , , , , , , , , , , , , , , , , , , , , , , , , , , , , , , , , , , , , , , , , , , , , , , , , , , , , , , , , , , , , , , , , , , , , , , , , , , , , , , , , , , , , , , , , , , , , , , , , , , , , , , , , , , , , , , , , , , , , , , , , , ,
990,  , , , , , , , , , , , , , , , , , , ,o,x,o,x,o,x,o,x,o,x,o, , , , , , ,x, , , ,x,o,x,o,x,o, , ,x,o,x, , , , , , , , , , ,o,x,o,x, , , , , , , , , , , , , , , , , , , , , , , , , , , , , , , , , , , , , , , , ,o,x, ,x, ,x, , , , , , , , , , , , , , , , , , , , , , , , , , , , , , , , , , , ,x, , , , , , , , ,o,x,o, , , , ,x, , , , , , , , , , , , , , , , , , , , , , , , , , , , ,o,x,o,x,o, , , , ,x, , , , , , , , , , , , , , , , , , , , , , , , , , , , , , , , , , , , , , , , , , , , , , , , , , , , , , , , , , , , , , , , , , , , , , , , , , , , , , , , , , , , , , , , , , , , , , , , , , , , , , , , , , , , , , , , , , , , , , , , , , , , , , , , , , , , , , , , , , , , , , , , , , , , , , , , , , , , , , , , , , , , , , , , , , , , , , , , , , , , , , , , , , , , , , , , , , , ,
980,  , , , , , , , , , , , , , , , , , , ,o,x,o, ,o, ,o, ,o,x,o, , ,x, ,x, ,x,o,x, ,x,o,x,o,x,o, , ,x,o,x, , , , , , , , , , ,o, ,o,x, , , , , , , , , , , , , , , , , , , , , , , , , , , , , , , , , , , , , , , , ,o,x,o,x,o,x,o,x, ,x, , , , , , , , , , , , , , , , , , , , , , , , , , , , , , , ,x, , , , , , , , ,o, ,o, , , , ,x, , , , , , , , , , , , , , , , , , , , , , , , , , , , ,o,x,o,x,o, , , , ,x,o, , , , , , , , , , , , , , , , , , , , , , , , , , , , , , , , , , , , , , , , , , , , , , , , , , , , , , , , , , , , , , , , , , , , , , , , , , , , , , , , , , , , , , , , , , , , , , , , , , , , , , , , , , , , , , , , , , , , , , , , , , , , , , , , , , , , , , , , , , , , , , , , , , , , , , , , , , , , , , , , , , , , , , , , , , , , , , , , ,x, , , , , , , , , , , , , ,x, , , ,
970,  , , , , , , , , , , , , , , , , , , ,o,x, , , , , , ,o,x,o, , ,x,o,x,o,x,o,x,o,x,o,x,o,x,o,x, ,x,o, , , , , , , , , , , , , ,o, , , , , , , , , , , , , , , , , , , , , , , , , , , , , , , , , , , , , , , , , ,o,x,o,x,o,x,o,x,o,x,o,x, ,x, ,x, , , , , , , , , , , , , , , , , , , , , , , , , ,x, , , , , , , , , , ,o, , ,x, ,x, , , , , , , , , , , , , , , , , , , , , , , , , , , , ,o,x,o,x,o,x, , , ,x,o, , , , , , , , , , , , , , , , , , , , , , , , , , , , , , , , , , , , , , , , , , , , , , , , , , , , , , , , , , , , , , , , , , , , , , , , , , , , , , , , , , , , , , , , , , , , , , , , , , , , , , , , , , , , , , , , , , , , , , , , , , , , , , , , , , , , , , , , , , , , , , , , , , , , , , , , , , , , , , , , , , , , , , , , , , , , ,x, ,x, ,x,o,x, , , , , , , , , , , ,x,o, , ,
960,  , , , , , , , , , , , , , , , , , , ,o,x, , , , , , ,o, ,o, , ,x,o,x,o,x,o,x,o,x,o,x,o, ,o,x,o,x, , , , , , , , , , , , , , , , , , , , , , , , , , , , , , , , , , , , , , , , , , , , , , , , , , , , , , , , ,o,x,o,x,o,x,o,x,o,x,o,x,o,x,o,x,o, , , , , , , , , , , , , , , , , , , , , , , , ,x, , , , , , , , , , ,o, , ,x,o,x, , , , , , , , , , , , , , , , , , , , , , , , , , , , ,o, ,o,x,o,x,o,x, ,x,o, , , , , , , , , , , , , , , , , , , , , , , , , , , , , , , , , , , , , , , , , , , , , , , , , , , , , , , , , , , , , , , , , , , , , , , , , , , , , , , , , , , , , , , , , , , , , , , , , , , , , , , , , , , , , , , , , , , , , , , , , , , , , , , , , , , , , , , , , , , , , , , , , , , , , , , , , , , , , , , , , , , , , , , , , , , , ,x,o,x,o,x,o,x,o,x, ,x, , , , , , , ,x,o,x, ,
950,  , , , , , , , , , , , , , , , , , , ,o, , , , , , , , , ,o, , ,x,o,x,o,x,o,x,o,x,o, , , ,o,x,o,x, , , , , , , , , , , , , , , , , , , , , , , , , , , , , , , , , , , , , , , , , , , , , , , , , , , , , , , , ,o, ,o,x,o, ,o,x,o,x,o,x,o,x,o,x,o, , , , , , , , , , , , , , , , , , , , , , , , ,x, , , , , , , , , , ,o,x, ,x,o,x, , , , , , , , , , , , , , , , , , , , , , , , , , , , , , ,o, ,o,x,o,x,o,x,o, , , , , , , , , , , , , , , , , , , , , , , , , , , , , , , , , , , , , , , , , , , , , , , , , , , , , , ,x, ,x, , , , , , , , , , , , , , , , , , , , , , , , , , , , , , , , , , , , , , , , , , , , , , , , , , , , , , , , , , , , , , , , , , , , , , , , , , , , , , , , , , , , , , , , , , , , , , , , , , , , , , , , , , , , , , , , , , , ,x,o,x,o,x,o,x,o,x,o,x,o, , , , , , ,x,o,x,o,
940,  , , , , , , , , , , , , , , , , , , , , , , , , , , , , ,o, , ,x,o, ,o, ,o,x,o, , , , , ,o,x,o,x, , , , , , , , , , , , , , , , , , , , , , , , , , , , , , , , , , , , , , , , , , , , , , , , , , , , , , , , , , ,o, , , ,o, ,o,x,o,x,o,x,o,x,o,x, ,x, ,x, ,x, ,x, ,x, ,x, ,x, , , ,x, ,x, , , ,x, , , , , , , , , , ,o,x,o,x,o,x, , , , , , , , , , , , , , , , , , , , , , , , , , , , , , , , ,o,x,o,x,o,x,o, , , , , , , , , , , , , , , , , , , , , , , , , , , , , , , , , , , , , , , , , , , , , , , , , , , , , , ,x,o,x,o, , , , , , , , , , , , , , , , , , , , , , , , , , , , , , , , , , , , , , , , , , , , , , , , , , , , , , , , , , , , , , , , , , , , , , , , , , , , , , , , , , , , , , , , , , , , , , , , , , , , , , , , , , , , , , , , , , ,x,o,x,o,x,o,x,o,x,o,x,o, , , , , , ,x,o,x,o,
930,  , , , , , , , , , , , , , , , , , , , , , , , , , , , , ,o, , ,x, , , , ,o,x, , , , , , ,o,x,o, , , , , , , , , , , , , , , , , , , , , , , , , , , , , , , , , , , , , , , , , , , , , , , , , , , , , , , , , , , , , , , , , ,o, ,o, ,o, ,o, ,o,x,o,x,o,x,o,x,o,x,o,x,o,x,o,x,o, , ,x,o,x,o,x, ,x, , , , , , , , , , ,o,x,o,x,o, , , , , , , , , , , , , , , , , , , , , , , , , , , , , , , , , ,o,x,o,x,o,x,o, , , , , , , , , , , , , , , , , , , , , , , , , , , , , , , , , , , , , , , , , , , , , , , , , , , , , , ,x,o,x,o, , , , , , , , , , , , , , , , , , , , , , , , , , , , , , , , , , , , , , , , , , , , , , , , , , , , , , , , , , , , , , , , , , , , , , , , , , , , , , , , , , , , , , , , , , , , , , , , , , , , , , , , , , , , , , , , , , ,x,o,x,o,x,o, ,o,x,o,x,o,x, ,x, ,x, ,x,o,x,o,
920,  , , , , , , , , , , , , , , , , , , , , , , , , , , , , ,o, , ,x, , , , ,o,x, , , , , , ,o, , , , , , , , , , , , , , , , , , , , , , , , , , , , , , , , , , , , , , , , , , , , , , , , , , , , , , , , , , , , , , , , , , , , , , , , , , , ,o,x,o,x,o,x,o,x,o,x,o,x,o,x,o,x,o,x, ,x,o,x,o,x,o,x, , , , , , , , , , ,o,x,o,x, , , , , , , , , , , , , , , , , , , , , , , , , , , , , , , , , , ,o,x,o,x,o, ,o, , , , , , , , , , , , , , , , , , , , , , , , , , , , , , , , , , , , , , , , , , , , , , , , , , , , , , ,x,o,x,o, , , , , , , , , , , , , , , , , , , , , , , , , , , , , , , , , , , , , , , , , , , , , , , , , , , , , , , , , , , , , , , , , , , , , , , , , , , , , , , , , , , , , , , , , , , , , , , , , , , , , , , , , , , , , , , , , , ,x,o,x,o, , , ,o, ,o,x,o,x,o,x,o,x,o,x,o,x,o,
910,  , , , , , , , , , , , , , , , , , , , , , , , , , , , , ,o, , ,x, , , , ,o,x, , , , , , , , , , , , , , , , , , , , , , , , , , , , , , , , , , , , , , , , , , , , , , , , , , , , , , , , , , , , , , , , , , , , , , , , , , , , , , , , , , ,o,x,o,x,o,x,o,x,o,x,o,x,o,x,o,x,o,x,o,x,o,x,o,x,o,x, , , , , , , , , , ,o, ,o, , , , , , , , , , , , , , , , , , , , , , , , , , , , , , , , , , , ,o, ,o, , , ,o, , , , , , , , , , , , , , , , , , , , , , , , , , , , , , , , , , , , , , , , , , , , , , , , , , , , , , ,x,o,x,o, , , , , , , , , , , , , , , , , , , , , , , , , , , , , , , , , , , , , , , , , , , , , , , , , , , , , , , , , , , , , , , , , , , , , , , , , , , , , , , , , , , , , , , , , , , , , , , , , , , , , , , , , , , , , , , , , , ,x,o, , , , , , , ,o, ,o,x,o,x,o,x,o,x,o, , ,
900,  , , , , , , , , , , , , , , , , , , , , , , , , , , , , ,o, , ,x, , , , ,o,x, , , , , , , , , , , , , , , , , , , , , , , , , , , , , , , , , , , , , , , , , , , , , , , , , , , , , , , , , , , , , , , , , , , , , , , , , , , , , , , , , , ,o, ,o, ,o, ,o, ,o, ,o, ,o,x,o,x,o,x,o,x,o,x,o,x,o,x, , , , , , , , , , , , , , , , , , , , , , , , , , , , , , , , , , , , , , , , , , , , , , , , , , , , , , ,o, , , , , , , , , , , , , , , , , , , , , , , , , , , , , , , , , , , , , , , , , , , , , , , , , , , , , , ,x,o,x,o, , , , , , , , , , , , , , , , , , , , , , , , , , , , , , , , , , , , , , , , , , , , , , , , , , , , , , , , , , , , , , , , , , , , , , , , , , , , , , , , , , , , , , , , , , , , , , , , , , , , , , , , , , , , , , , , , , ,x, , , , , , , , , , ,o,x,o,x,o,x,o,x, , , ,
890,  , , , , , , , , , , , , , , , , , , , , , , , , , , , , ,o,x, ,x, , , , ,o, , , , , , , , , , , , , , , , , , , , , , , , , , , , , , , , , , , , , , , , , , , , , , , , , , , , , , , , , , , , , , , , , , , , , , , , , , , , , , , , , , , , , , , , , , , , , , , ,o, ,o,x,o,x,o,x,o,x,o,x,o, , , , , , , , , , , , , , , , , , , , , , , , , , , , , , , , , , , , , , , , , , , , , , , , , , , , , , , ,o,x, ,x, ,x, , , , , , , , , , , , , , , ,x, ,x, ,x, ,x, ,x, ,x, ,x, ,x, ,x, ,x, ,x, ,x, , , , , , , ,x, ,x, ,x,o,x,o, , ,x, , , , , , , , , , , , , , , , , , , , , ,x, ,x, , , , , , , , , , , , , , , , , , , , , , , , , , , , , , , , , , , , , , , , , , , , , , , , , , , , , , , , , , , , , , , , , , , , , , , , , , , , , , , , , , , , , , , ,x, , , , , , , , , , ,o,x,o, ,o,x,o,x, , , ,
880,  , , , , , , , , , , , , , , , , , , , , , , , , , , , , ,o,x,o,x, , , , , , , , , , , , , , , , , , , , , , , , , , , , , , , , , , , , , , , , , , , , , , , , , , , , , , , , , , , , , , , , , , , , , , , , , , , , , , , , , , , , , , , , , , , , , , , , , , , , , , ,o, ,o, ,o, ,o,x,o,x, , , , , , , , , , , , , , , , , , , , , , , , , , , , , , , , , , , , , , , , , , , , , , , , , , , , , , , , ,o,x,o,x,o,x,o, , , , , , , , , , ,x, ,x, ,x,o,x,o,x,o,x,o,x,o,x,o,x,o,x,o,x,o,x,o,x,o,x,o,x, , , , , ,x,o,x,o,x,o,x,o, , ,x,o, , , , , , , , , , , , , , ,x, ,x, ,x, ,x,o,x,o, , , , , , , , , , , , , , , , , , , , , , , , , , , , , , , , , , , , , , , , , , , , , , , , , , , , , , , , , , , , , , , , , , , , , , , , , , , , , , , , , , , , , , ,x, , , , , , , , , , ,o,x, , ,o,x,o,x, , , ,
870,  , , , , , , , , , , , , , , , , , , , , , , , , , , , , ,o,x,o,x, , , , , , , , , , , , , , , , , , , , , , , , , , , , , , , , , , , , , , , , , , , , , , , , , , , , , , , , , , , , , , , , , , , , , , , , , , , , , , , , , , , , , , , , , , , , , , , , , , , , , , , , , , , , ,o, ,o, , , , , , , , , , , , , , , , , , , , , , , , , , , , , , , , , , , , , , , , , , , , , , , , , , , , , , , , , ,o,x,o,x,o,x,o,x, ,x, ,x, , , ,x, ,x,o,x,o,x,o,x,o,x,o,x,o,x,o,x,o,x,o,x,o,x,o,x,o,x,o,x,o,x,o,x, ,x, ,x,o,x,o,x,o, ,o, , ,x,o, , , , , , , , , , , , ,x, ,x,o,x,o,x,o,x,o,x,o, , , , , , , , , , , , , , , , , , , , , , , , , , , , , , , , , , , , , , , , , , , , , , , , , , , , , , , , , , , , , , , , , , , , , , , , , , , , , , , , , , , , , , ,x, , , , , , , , , , ,o,x, , ,o, ,o,x, , , ,
860,  , , , , , , , , , , , , , , , , , , , , , , , , , , , , ,o,x,o,x, , , , , , , , , , , , , , , , , , , , , , , , , , , , , , , , , , , , , , , , , , , , , , , , , , , , , , , , , , , , , , , , , , , , , , , , , , , , , , , , , , , , , , , , , , , , , , , , , , , , , , , , , , , , , , , , , , , , , , , , , , , , , , , , , , , , , , , , , , , , , , , , , , , , , , , , , , , , , , , , , , , , , , , , ,o,x,o,x,o,x,o,x,o,x,o,x,o,x, ,x,o,x,o,x,o,x,o,x,o,x,o,x,o,x,o,x,o,x,o,x,o,x,o,x,o,x,o,x,o,x,o,x,o,x,o,x,o,x,o,x, , ,o,x, ,x,o, , , , , , , , , , , , ,x,o,x,o,x,o,x,o,x,o,x,o, , , , , , , , , , , , , , , , , , , , , , , , , , , , , , , , , , , , , , ,x, , , , , , , , , , , , , , , , , , , , , , , , , , , , , , , , , , , , , , , , , , , , , , , ,x, , , , , , , , , , ,o, , , , , ,o, , , , ,
850,  , , , , , , , , , , , , , , , , , , , , , , , , , , , , ,o,x,o, , , , , , , , , , , , , , , , , , , , , , , , , , , , , , , , , , , , , , , , , , , , , , , , , , , , , , , , , , , , , , , , , , , , , , , , , , , , , , , , , , , , , , , , , , , , , , , , , , , , , , , , , , , , , , , , , , , , , , , , , , , , , , , , , , , , , , , , , , , , , , , , , , , , , , , , , , , , , , , , , , , , , , , , , ,o,x,o,x,o,x,o,x,o,x,o,x,o,x,o,x,o,x,o,x,o,x,o, ,o, ,o,x,o,x,o,x,o, ,o, ,o, ,o, ,o, ,o, ,o,x,o,x,o,x,o,x,o,x,o, , , ,o,x,o,x,o, , , , , , , , , , , , ,x,o,x,o,x,o,x,o,x,o, ,o, , , , , , , , , , , , , , , , , , , , , , , , , , , , , , , , , , , , , , ,x,o, , , , , , , , , , , , , , , , , , , , , , , , , , , , , , , , , , , , , , , , , , , , ,x, ,x, , , , , , , , , , , , , , , , , , , , , ,
840,  , , , , , , , , , , , , , , , , , , , , , , , , , , , , ,o, , , , , , , , , , , , , , , , , , , , , , , , , , , , , , , , , , , , , , , , , , , , , , , , , , , , , , , , , , , , , , , , , , , , , , , , , , , , , , , , , , , , , , , , , , , , , , , , , , , , , , , , , , , , , , , , , , , , , , , , , , , , , , , , , , , , , , , , , , , , , , , , , , , , , , , , , , , , , , , , , , , , , , , , , , , ,o,x,o,x,o,x,o,x,o,x,o,x,o,x,o,x,o,x,o, ,o, , , , , ,o,x,o,x,o,x, , , , , , , , , , , , ,o,x,o,x,o,x,o,x,o, , , , , ,o,x,o,x,o, , , , , , , , , , , , ,x,o,x,o,x,o,x,o,x, , ,o, , , , , , , , , , , , , , , , , , , , , , , , , , , , , , , , ,x, , , ,x, ,x,o,x, , , , , , , , , , , , , , , , , , , , , , , , , , , , , , , , , , , , , , , , , , , ,x,o,x, , , , , , , , , , , , , , , , , , , , , ,
830,  , , , , , , , , , , , , , , , , , , , , , , , , , , , , , , , , , , , , , , , , , , , , , , , , , , , , , , , , , , , , , , , , , , , , , , , , , , , , , , , , , , , , , , , , , , , , , , , , , , , , , , , , , , , , , , , , , , , , , , , , , , , , , , , , , , , , , , , , , , , , , , , , , , , , , , , , , , , , , , , , , , , , , , , , , , , , , , , , , , , , , , , , , , , , , , , , , , , , , , , , ,o,x,o,x,o,x,o,x,o,x,o,x,o,x,o,x,o,x, , , , , , , , ,o, ,o, ,o, , , , , , , , , , , , , ,o, ,o, ,o, ,o, , , , , , , ,o,x,o,x,o, , , , , , , , , , , , ,x,o,x,o,x,o,x,o,x, , ,o, , , , , , , , , , , , , , , , , , , , , , , , , , , , , , , , ,x,o, , ,x,o,x,o,x,o, , , , , , , , , , , , , , , , , , , , , , , , , , , , , , , , , , , , , , , , , , ,x,o,x, , , , , , , , , , , , , , , , , , , , , ,
820,  , , , , , , , , , , , , , , , , , , , , , , , , , , , , , , , , , , , , , , , , , , , , , , , , , , , , , , , , , , , , , , , , , , , , , , , , , , , , , , , , , , , , , , , , , , , , , , , , , , , , , , , , , , , , , , , , , , , , , , , , , , , , , , , , , , , , , , , , , , , , , , , , , , , , , , , , , , , , , , , , , , , , , , , , , , , , , , , , , , , , , , , , , , , , , , , , , , , , , , , , ,o, ,o, ,o, ,o, ,o, ,o, ,o, ,o, ,o,x, , , , , , , , , , , , , , , , , , , , , , , , , , , , , , , , , , , , , , , , ,o,x,o,x,o, , , , , , , , , , , , ,x,o,x,o, ,o, ,o,x, , ,o, , , , , , , , , , , , , , , , , , , , , , , , , , , , , , , , ,x,o, , ,x,o,x,o,x,o, , , , , , , , , , , , , , , , , , , , , , , , , , , , , , , , , , , , , , ,x, ,x, ,x,o,x, , , , , , , , , , , , , , , , , , , , , ,
810,  , , , , , , , , , , , , , , , , , , , , , , , , , , , , , , , , , , , , , , , , , , , , , , , , , , , , , , , , , , , , , , , , , , , , , , , , , , , , , , , , , , , , , , , , , , , , , , , , , , , , , , , , , , , , , , , , , , , , , , , , , , , , , , , , , , , , , , , , , , , , , , , , , , , , , , , , , , , , , , , , , , , , , , , , , , , , , , , , , , , , , , , , , , , , , , , , , , , , , , , , , , , , , , , , , , , , , , , , ,o,x, , , , , , , , , , , , , , , , , , , , , , , , , , , , , , , , , , , , , , , , ,o, ,o, ,o, , , , , , , , , , , , ,x,o,x, , , , ,o, , , ,o, , , , ,x, ,x, , , , , , , ,x, , , , , , , , , , , , , , , , , ,x,o, , ,x,o,x,o,x,o, , , , , , , , , , , , , , , , , , , , , , , , , , , , , , , , , , , , , , ,x,o,x,o,x,o, , , , , , , , , , , , , , , , , , , , , , ,
800,  , , , , , , , , , , , , , , , , , , , , , , , , , , , , , , , , , , , , , , , , , , , , , , , , , , , , , , , , , , , , , , , , , , , , , , , , , , , , , , , , , , , , , , , , , , , , , , , , , , , , , , , , , , , , , , , , , , , , , , , , , , , , , , , , , , , , , , , , , , , , , , , , , , , , , , , , , , , , , , , , , , , , , , , , , , , , , , , , , , , , , , , , , , , , , , , , , , , , , , , , , , , , , , , , , , , , , , , , ,o, , , , , , , , , , , , , , , , , , , , , , , , , , , , , , , , , , , , , , , , , , , , , ,o, , , , , , , , , , , , ,x,o, , , , , , , , , ,o, , , , ,x,o,x,o, , , , , , ,x,o, , , , , , , , , , , , , , , , ,x,o,x, ,x,o, ,o,x,o, , , , , , , , , , , , , , , , , , , , , , , , , , , , , , , , , , , , , , ,x,o,x,o,x, , , , , , , , , , , , , , , , , , , , , , , ,
790,  , , , , , , , , , , , , , , , , , , , , , , , , , , , , , , , , , , , , , , , , , , , , , , , , , , , , , , , , , , , , , , , , , , , , , , , , , , , , , , , , , , , , , , , , , , , , , , , , , , , , , , , , , , , , , , , , , , , , , , , , , , , , , , , , , , , , , , , , , , , , , , , , , , , , , , , , , , , , , , , , , , , , , , , , , , , , , , , , , , , , , , , , , , , , , , , , , , , , , , , , , , , , , , , , , , , , , , , , , , , , , , , , , , , , , , , , , , , , , , , , , , , , , , , , , , , , , , , , , , , , , , ,o, , , , , , , , , , , , ,x, , , , , , , , , , ,o,x, ,x, ,x,o,x,o,x, ,x, , , ,x,o, , , , , , , , , , , , , , ,x, ,x,o,x,o,x, , ,o,x,o,x, , , , , , , , , , , , , , , , , , , , , , , , , ,x, ,x, , , , , , , , , ,x,o,x,o,x, , , , , , , , , , , , , , , , , , , , , , , ,
780,  , , , , , , , , , , , , , , , , , , , , , , , , , , , , , , , , , , , , , , , , , , , , , , , , , , , , , , , , , , , , , , , , , , , , , , , , , , , , , , , , , , , , , , , , , , , , , , , , , , , , , , , , , , , , , , , , , , , , , , , , , , , , , , , , , , , , , , , , , , , , , , , , , , , , , , , , , , , , , , , , , , , , , , , , , , , , , , , , , , , , , , , , , , , , , , , , , , , , , , , , , , , , , , , , , , , , , , , , , , , , , , , , , , , , , , , , , , , , , , , , , , , , , , , , , , , , , , , , , , , , , , ,o, , , , , , , , , , , , ,x, , , , , , , , , , ,o,x,o,x,o,x,o,x,o,x,o,x,o,x, ,x,o, , , , , , , , , , , , , , ,x,o,x,o,x,o,x, , ,o, ,o,x,o, , , , , , , , ,x, ,x, , , , , , , , , , , , , ,x,o,x,o, , , , , , , , ,x,o, ,o, , , , , , , , , , , , , , , , , , , , , , , , ,
770,  , , , , , , , , , , , , , , , , , , , , , , , , , , , , , , , , , , , , , , , , , , , , , , , , , , , , , , , , , , , , , , , , , , , , , , , , , , , , , , , , , , , , , , , , , , , , , , , , , , , , , , , , , , , , , , , , , , , , , , , , , , , , , , , , , , , , , , , , , , , , , , , , , , , , , , , , , , , , , , , , , , , , , , , , , , , , , , , , , , , , , , , , , , , , , , , , , , , , , , , , , , , , , , , , , , , , , , , , , , , , , , , , , , , , , , , , , , , , , , , , , , , , , , , , , , , , , , , , , , , , , , ,o, , , , ,x, , , , , , , ,x, , , , , , , , , , ,o,x,o,x,o,x,o, ,o,x,o,x,o,x,o,x,o, , , , , , , , , , , , , , ,x,o,x,o,x,o,x, , , , ,o,x,o, , , , , , , , ,x,o,x,o,x, , , , , , , , , ,x, ,x,o,x,o, , , , , , , , ,x, , , , , , , , , , , , , , , , , , , , , , , , , , , ,
760,  , , , , , , , , , , , , , , , , , , , , , , , , , , , , , , , , , , , , , , , , , , , , , , , , , , , , , , , , , , , , , , , , , , , , , , , , , , , , , , , , , , , , , , , , , , , , , , , , , , , , , , , , , , , , , , , , , , , , , , , , , , , , , , , , , , , , , , , , , , , , , , , , , , , , , , , , , , , , , , , , , , , , , , , , , , , , , , , , , , , , , , , , , , , , , , , , , , , , , , , , , , , , , , , , , , , , , , , , , , , , , , , , , , , , , , , , , , , , , , , , , , , , , , , , , , , , , , , , , , , , , , ,o, , ,x, ,x,o, , , , , , ,x, , , , , , , , , , ,o,x,o,x,o,x, , ,o,x,o,x,o,x,o,x,o, , , , , , , , , , , , , , ,x,o,x,o, ,o,x, , , , ,o,x,o,x, , , , , , , ,x,o,x,o,x,o,x, , , , , , , ,x,o,x,o,x,o, , , , , , , , ,x, , , , , , , , , , , , , , , , , , , , , , , , , , , ,
750,  , , , , , , , , , , , , , , , , , , , , , , , , , , , , , , , , , , , , , , , , , , , , , , , , , , , , , , , , , , , , , , , , , , , , , , , , , , , , , , , , , , , , , , , , , , , , , , , , , , , , , , , , , , , , , , , , , , , , , , , , , , , , , , , , , , , , , , , , , , , , , , , , , , , , , , , , , , , , , , , , , , , , , , , , , , , , , , , , , , , , , , , , , , , , , , , , , , , , , , , , , , , , , , , , , , , , , , , , , , , , , , , , , , , , , , , , , , , , , , , , , , , , , , , , , , , , , , , , , , , , , , ,o,x, ,x,o,x,o, , , , , , ,x, , , , , , , , , , ,o, ,o, ,o, , , ,o, ,o, ,o,x,o,x,o, , , , , , , , , , , , , , ,x,o,x, , ,o,x, , , , ,o, ,o,x,o, , ,x, , , ,x,o,x,o,x,o,x,o, , , , , , ,x,o,x,o,x,o,x, ,x, , , , , ,x, , , , , , , , , , , , , , , , , , , , , , , , , , , ,
740,  , , , , , , , , , , , , , , , , , , , , , , , , , , , , , , , , , , , , , , , , , , , , , , , , , , , , , , , , , , , , , , , , , , , , , , , , , , , , , , , , , , , , , , , , , , , , , , , , , , , , , , , , , , , , , , , , , , , , , , , , , , , , , , , , , , , , , , , , , , , , , , , , , , , , , , , , , , , , , , , , , , , , , , , , , , , , , , , , , , , , , , , , , , , , , , , , , , , , , , , , , , , , , , , , , , , , , , , , , , , , , , , , , , , , , , , , , , , , , , , , , , , , , , , , , , , , , , , , , , , , , , ,o,x,o,x,o,x,o,x, ,x, ,x, ,x, , , , , , , , , , , , , , , , , , , , , , ,o,x,o,x,o, , , , , , , , , , , , ,x, ,x,o, , , ,o, , , , , , , ,o,x,o, , ,x,o,x, ,x,o,x,o,x,o,x,o, , , , , , ,x,o,x,o, ,o,x,o,x,o,x, ,x, ,x, , , , , , , , , , , , , , , , , , , , , , , , , , , ,
730,  , , , , , , , , , , , , , , , , , , , , , , , , , , , , , , , , , , , , , , , , , , , , , , , , , , , , , , , , , , , , , , , , , , , , , , , , , , , , , , , , , , , , , , , , , , , , , , , , , , , , , , , , , , , , , , , , , , , , , , , , , , , , , , , , , , , , , , , , , , , , , , , , , , , , , , , , , , , , , , , , , , , , , , , , , , , , , , , , , , , , , , , , , , , , , , , , , , , , , , , , , , , , , , , , , , , , , , , , , , , , , , , , , , , , , , , , , , , , , , , , , , , , , , , , , , , , , , , , , , , , , , ,o,x,o,x,o,x,o,x,o,x,o,x,o,x, , , , , , , , , , , , , , , , , , , , , , ,o,x,o, ,o, , , , , , , , , , , , ,x,o,x, , , , , , , , , , , , ,o,x,o,x, ,x,o,x,o,x,o, ,o,x,o,x,o,x, , , , , ,x,o, , , ,o,x,o,x,o,x,o,x,o,x, , , , , , , , , , , , , , , , , , , , , , , , , , , ,
720,  , , , , , , , , , , , , , , , , , , , , , , , , , , , , , , , , , , , , , , , , , , , , , , , , , , , , , , , , , , , , , , , , , , , , , , , , , , , , , , , , , , , , , , , , , , , , , , , , , , , , , , , , , , , , , , , , , , , , , , , , , , , , , , , , , , , , , , , , , , , , , , , , , , , , , , , , , , , , , , , , , , , , , , , , , , , , , , , , , , , , , , , , , , , , , , , , , , , , , , , , , , , , , , , , , , , , , , , , , , , , , , , , , , , , , , , , , , , , , , , , , , , , , , , , , , , , , , , , , , , , , , ,o,x,o,x,o,x,o,x,o,x,o,x,o,x, , , , , , , , , , , , , , , , , , , , , , ,o,x, , ,o, , , , , , ,x, , , , , ,x,o,x, , , , , , , , , , , , ,o,x,o,x,o,x,o,x,o,x, , ,o,x,o, ,o,x,o,x, ,x, ,x, , , , ,o,x,o,x,o,x,o,x,o,x, , , , , , , , , , , , , , , , , , , , , , , , , , , ,
710,  , , , , , , , , , , , , , , , , , , , , , , , , , , , , , , , , , , , , , , , , , , , , , , , , , , , , , , , , , , , , , , , , , , , , , , , , , , , , , , , , , , , , , , , , , , , , , , , , , , , , , , , , , , , , , , , , , , , , , , , , , , , , , , , , , , , , , , , , , , , , , , , , , , , , , , , , , , , , , , , , , , , , , , , , , , , , , , , , , , , , , , , , , , , , , , , , , , , , , , , , , , , , , , , , , , , , , , , , , , , , , , , , , , , , , , , , , , , , , , , , , , , , , , , , , , , , , , , , , , , , , , ,o,x,o,x,o,x,o,x,o,x,o,x,o,x, , , , , , , , , , , , , , , , , , , , , , ,o,x, , ,o, , , , , , ,x,o,x, , , ,x,o,x, , , , , , , , , , , , ,o, ,o,x,o,x,o,x,o,x, , ,o,x, , ,o,x,o,x,o,x,o,x, , , , ,o,x,o,x,o,x,o,x,o,x, , , , , , , , , , , , , , , , , , , , , , , , , , , ,
700,  , , , , , , , , , , , , , , , , , , , , , , , , , , , , , , , , , , , , , , , , , , , , , , , , , , , , , , , , , , , , , , , , , , , , , , , , , , , , , , , , , , , , , , , , , , , , , , , , , , , , , , , , , , , , , , , , , , , , , , , , , , , , , , , , , , , , , , , , , , , , , , , , , , , , , , , , , , , , , , , , , , , , , , , , , , , , , , , , , , , , , , , , , , , , , , , , , , , , , , , , , , , , , , , , , , , , , , , , , , , , , , , , , , , , , , , , , , , , , , , , , , , , , , , , , , , , , , , , , , , , , , ,o,x,o, ,o, ,o,x,o, ,o, ,o, , , , , , , , , , , , , , , , , , , , , , , ,o,x, , ,o, , , , , , ,x,o,x,o, , ,x,o, , , , , , , , , , , , , , , ,o,x,o,x,o, ,o, , , ,o,x, , ,o,x,o,x,o,x,o,x, , , , ,o,x,o,x,o,x,o,x,o,x, , , , , , , , , , , , , , , , , , , , , , , , , , , ,
690,  , , , , , , , , , , , , , , , , , , , , , , , , , , , , , , , , , , , , , , , , , , , , , , , , , , , , , , , , , , , , , , , , , , , , , , , , , , , , , , , , , , , , , , , , , , , , , , , , , , , , , , , , , , , , , , , , , , , , , , , , , , , , , , , , , , , , , , , , , , , , , , , , , , , , , , , , , , , , , , , , , , , , , , , , , , , , , , , , , , , , , , , , , , , , , , , , , , , , , , , , , , , , , , , , , , , , , , , , , , , , , , , , , , , , , , , , , , , , , , , , , , , , , , , , , , , , , , , , , , , , , , ,o,x, , , , ,o, , , , , , , , , , , , , , , , , , , , , , , , , , , , , ,o, , , ,o, , , , , , ,x,o,x,o, , ,x, , , , , , , , , , , , , , , , ,o,x,o,x, , , , , , ,o, , , ,o,x,o,x,o,x,o,x, , , , ,o, ,o, ,o, ,o, ,o, , , , , , , , , , , , , , , , , , , , , , , , , , , , ,
680,  , , , , , , , , , , , , , , , , , , , , , , , , , , , , , , , , , , , , , , , , , , , , , , , , , , , , , , , , , , , , , , , , , , , , , , , , , , , , , , , , , , , , , , , , , , , , , , , , , , , , , , , , , , , , , , , , , , , , , , , , , , , , , , , , , , , , , , , , , , , , , , , , , , , , , , , , , , , , , , , , , , , , , , , , , , , , , , , , , , , , , , , , , , , , , , , , , , , , , , , , , , , , , , , , , , , , , , , , , , , , , , , , , , , , , , , , , , , , , , , , , , , , , , , , , , , , , , , , , , , , , , ,o,x, , , , , , , , , , , , , , , , , , , , , , , , , , , , , , , , , , , , , , ,o, , ,x, , , ,x,o,x,o,x, ,x, , , , , , , , , , , , , , , , ,o,x,o,x, , , , , , , , , , ,o, ,o, ,o,x,o, , , , , , , , , , , , , , , , , , , , , , , , , , , , , , , , , , , , , , , , , , ,
670,  , , , , , , , , , , , , , , , , , , , , , , , , , , , , , , , , , , , , , , , , , , , , , , , , , , , , , , , , , , , , , , , , , , , , , , , , , , , , , , , , , , , , , , , , , , , , , , , , , , , , , , , , , , , , , , , , , , , , , , , , , , , , , , , , , , , , , , , , , , , , , , , , , , , , , , , , , , , , , , , , , , , , , , , , , , , , , , , , , , , , , , , , , , , , , , , , , , , , , , , , , , , , , , , , , , , , , , , , , , , , , , , , , , , , , , , , , , , , , , , , , , , , , , , , , , , , , , , , , , , , , , ,o,x, , , , , , , , , , , , , , , , , , , , , , , , , , , , , , , , , , , , , , ,o, , ,x,o, , ,x,o, ,o,x,o,x, , , , , , , , , , , , , , , , ,o,x,o, , , , , , , , , , , , , , , ,o,x, , , , , , , , , , , , , , , , , , , , , , , , , , , , , , , , , , , , , , , , , , , ,
660,  , , , , , , , , , , , , , , , , , , , , , , , , , , , , , , , , , , , , , , , , , , , , , , , , , , , , , , , , , , , , , , , , , , , , , , , , , , , , , , , , , , , , , , , , , , , , , , , , , , , , , , , , , , , , , , , , , , , , , , , , , , , , , , , , , , , , , , , , , , , , , , , , , , , , , , , , , , , , , , , , , , , , , , , , , , , , , , , , , , , , , , , , , , , , , , , , , , , , , , , , , , , , , , , , , , , , , , , , , , , , , , , , , , , , , , , , , , , , , , , , , , , , , , , , , , , , , , , , , , , , , , ,o,x, , , , , , , , , , , , , , , , , , , , , , , , , , , , , , , , , , , , , , ,o,x, ,x,o,x, ,x, , ,o,x,o,x, , , , , , , , , , , , , , , , ,o, , , , , , , , , , , , , , , , , ,o,x, , , , , , , , , , , , , , , , , , , , , , , , , , , , , , , , , , , , , , , , , , , ,
650,  , , , , , , , , , , , , , , , , , , , , , , , , , , , , , , , , , , , , , , , , , , , , , , , , , , , , , , , , , , , , , , , , , , , , , , , , , , , , , , , , , , , , , , , , , , , , , , , , , , , , , , , , , , , , , , , , , , , , , , , , , , , , , , , , , , , , , , , , , , , , , , , , , , , , , , , , , , , , , , , , , , , , , , , , , , , , , , , , , , , , , , , , , , , , , , , , , , , , , , , , , , , , , , , , , , , , , , , , , , , , , , , , , , , , , , , , , , , , , , , , , , , , , , , , , , , , , , , , , , , , , , ,o, , , , , , , , , , , , , , , , , , , , , , , , , , , , , , , , , , , , , , , ,o,x,o,x,o,x,o,x, , ,o,x,o,x, , , , , , , , , , , , , , , , , , , , , , , , , , , , , , , , , , ,o, , , , , , , , , , , , , , , , , , , , , , , , , , , , , , , , , , , , , , , , , , , , ,
640,  , , , , , , , , , , , , , , , , , , , , , , , , , , , , , , , , , , , , , , , , , , , , , , , , , , , , , , , , , , , , , , , , , , , , , , , , , , , , , , , , , , , , , , , , , , , , , , , , , , , , , , , , , , , , , , , , , , , , , , , , , , , , , , , , , , , , , , , , , , , , , , , , , , , , , , , , , , , , , , , , , , , , , , , , , , , , , , , , , , , , , , , , , , , , , , , , , , , , , , , , , , , , , , , , , , , , , , , , , , , , , , , , , , , , , , , , , , , , , , , , , , , , , , , , , , , , , , , , , , , , , , , , , , , , , , , , , , , , , , , , , , , , , , , , , , , , , , , , , , , , , , ,o,x,o,x,o,x,o,x, , ,o, ,o,x, , , , , , , , , , , , , , , , , , , , , , , , , , , , , , , , , , , , , , , , , , , , , , , , , , , , , , , , , , , , , , , , , , , , , , , , , , , , , , , ,
630,  , , , , , , , , , , , , , , , , , , , , , , , , , , , , , , , , , , , , , , , , , , , , , , , , , , , , , , , , , , , , , , , , , , , , , , , , , , , , , , , , , , , , , , , , , , , , , , , , , , , , , , , , , , , , , , , , , , , , , , , , , , , , , , , , , , , , , , , , , , , , , , , , , , , , , , , , , , , , , , , , , , , , , , , , , , , , , , , , , , , , , , , , , , , , , , , , , , , , , , , , , , , , , , , , , , , , , , , , , , , , , , , , , , , , , , , , , , , , , , , , , , , , , , , , , , , , , , , , , , , , , , , , , , , , , , , , , , , , , , , , , , , , , , , , , , , , , , , , , , , , , , ,o,x,o,x,o,x,o,x, , , , ,o, , , , , , , , , , , , , , , , , , , , , , , , , , , , , , , , , , , , , , , , , , , , , , , , , , , , , , , , , , , , , , , , , , , , , , , , , , , , , , , , ,
620,  , , , , , , , , , , , , , , , , , , , , , , , , , , , , , , , , , , , , , , , , , , , , , , , , , , , , , , , , , , , , , , , , , , , , , , , , , , , , , , , , , , , , , , , , , , , , , , , , , , , , , , , , , , , , , , , , , , , , , , , , , , , , , , , , , , , , , , , , , , , , , , , , , , , , , , , , , , , , , , , , , , , , , , , , , , , , , , , , , , , , , , , , , , , , , , , , , , , , , , , , , , , , , , , , , , , , , , , , , , , , , , , , , , , , , , , , , , , , , , , , , , , , , , , , , , , , , , , , , , , , , , , , , , , , , , , , , , , , , , , , , , , , , , , , , , , , , , , , , , , , , , ,o,x,o,x,o, ,o,x, , , , , , , , , , , , , , , , , , , , , , , , , , , , , , , , , , , , , , , , , , , , , , , , , , , , , , , , , , , , , , , , , , , , , , , , , , , , , , , , , , , , , ,
610,  , , , , , , , , , , , , , , , , , , , , , , , , , , , , , , , , , , , , , , , , , , , , , , , , , , , , , , , , , , , , , , , , , , , , , , , , , , , , , , , , , , , , , , , , , , , , , , , , , , , , , , , , , , , , , , , , , , , , , , , , , , , , , , , , , , , , , , , , , , , , , , , , , , , , , , , , , , , , , , , , , , , , , , , , , , , , , , , , , , , , , , , , , , , , , , , , , , , , , , , , , , , , , , , , , , , , , , , , , , , , , , , , , , , , , , , , , , , , , , , , , , , , , , , , , , , , , , , , , , , , , , , , , , , , , , , , , , , , , , , , , , , , , , , , , , , , , , , , , , , , , , ,o, ,o,x, , ,o, , , , , , , , , , , , , , , , , , , , , , , , , , , , , , , , , , , , , , , , , , , , , , , , , , , , , , , , , , , , , , , , , , , , , , , , , , , , , , , , , , , , , , ,
600,  , , , , , , , , , , , , , , , , , , , , , , , , , , , , , , , , , , , , , , , , , , , , , , , , , , , , , , , , , , , , , , , , , , , , , , , , , , , , , , , , , , , , , , , , , , , , , , , , , , , , , , , , , , , , , , , , , , , , , , , , , , , , , , , , , , , , , , , , , , , , , , , , , , , , , , , , , , , , , , , , , , , , , , , , , , , , , , , , , , , , , , , , , , , , , , , , , , , , , , , , , , , , , , , , , , , , , , , , , , , , , , , , , , , , , , , , , , , , , , , , , , , , , , , , , , , , , , , , , , , , , , , , , , , , , , , , , , , , , , , , , , , , , , , , , , , , , , , , , , , , , , , , ,o,x, , , , , , , , , , , , , , , , , , , , , , , , , , , , , , , , , , , , , , , , , , , , , , , , , , , , , , , , , , , , , , , , , , , , , , , , , , , , , , , , , , , , , , , , , ,
590,  , , , , , , , , , , , , , , , , , , , , , , , , , , , , , , , , , , , , , , , , , , , , , , , , , , , , , , , , , , , , , , , , , , , , , , , , , , , , , , , , , , , , , , , , , , , , , , , , , , , , , , , , , , , , , , , , , , , , , , , , , , , , , , , , , , , , , , , , , , , , , , , , , , , , , , , , , , , , , , , , , , , , , , , , , , , , , , , , , , , , , , , , , , , , , , , , , , , , , , , , , , , , , , , , , , , , , , , , , , , , , , , , , , , , , , , , , , , , , , , , , , , , , , , , , , , , , , , , , , , , , , , , , , , , , , , , , , , , , , , , , , , , , , , , , , , , , , , , , , , , , , , , ,o,x, , , , , , , , , , , , , , , , , , , , , , , , , , , , , , , , , , , , , , , , , , , , , , , , , , , , , , , , , , , , , , , , , , , , , , , , , , , , , , , , , , , , , , , , , ,
580,  , , , , , , , , , , , , , , , , , , , , , , , , , , , , , , , , , , , , , , , , , , , , , , , , , , , , , , , , , , , , , , , , , , , , , , , , , , , , , , , , , , , , , , , , , , , , , , , , , , , , , , , , , , , , , , , , , , , , , , , , , , , , , , , , , , , , , , , , , , , , , , , , , , , , , , , , , , , , , , , , , , , , , , , , , , , , , , , , , , , , , , , , , , , , , , , , , , , , , , , , , , , , , , , , , , , , , , , , , , , , , , , , , , , , , , , , , , , , , , , , , , , , , , , , , , , , , , , , , , , , , , , , , , , , , , , , , , , , , , , , , , , , , , , , , , , , , , , , , , , , , , , , ,o,x, , , , , , , , , , , , , , , , , , , , , , , , , , , , , , , , , , , , , , , , , , , , , , , , , , , , , , , , , , , , , , , , , , , , , , , , , , , , , , , , , , , , , , , , , ,
570,  , , , , , , , , , , , , , , , , , , , , , , , , , , , , , , , , , , , , , , , , , , , , , , , , , , , , , , , , , , , , , , , , , , , , , , , , , , , , , , , , , , , , , , , , , , , , , , , , , , , , , , , , , , , , , , , , , , , , , , , , , , , , , , , , , , , , , , , , , , , , , , , , , , , , , , , , , , , , , , , , , , , , , , , , , , , , , , , , , , , , , , , , , , , , , , , , , , , , , , , , , , , , , , , , , , , , , , , , , , , , , , , , , , , , , , , , , , , , , , , , , , , , , , , , , , , , , , , , , , , , , , , , , , , , , , , , , , , , , , , , , , , , , , , , , , , , , , , , , , , , , , , , ,o, , , , , , , , , , , , , , , , , , , , , , , , , , , , , , , , , , , , , , , , , , , , , , , , , , , , , , , , , , , , , , , , , , , , , , , , , , , , , , , , , , , , , , , , , , ,
560,  , , , , , , , , , , , , , , , , , , , , , , , , , , , , , , , , , , , , , , , , , , , , , , , , , , , , , , , , , , , , , , , , , , , , , , , , , , , , , , , , , , , , , , , , , , , , , , , , , , , , , , , , , , , , , , , , , , , , , , , , , , , , , , , , , , , , , , , , , , , , , , , , , , , , , , , , , , , , , , , , , , , , , , , , , , , , , , , , , , , , , , , , , , , , , , , , , , , , , , , , , , , , , , , , , , , , , , , , , , , , , , , , , , , , , , , , , , , , , , , , , , , , , , , , , , , , , , , , , , , , , , , , , , , , , , , , , , , , , , , , , , , , , , , , , , , , , , , , , , , , , , , , , , , , , , , , , , , , , , , , , , , , , , , , , , , , , , , , , , , , , , , , , , , , , , , , , , , , , , , , , , , , , , , , , , , , , , , , , , , , , , , , , , , , , , , , , , , ,
550,  , , , , , , , , , , , , , , , , , , , , , , , , , , , , , , , , , , , , , , , , , , , , , , , , , , , , , , , , , , , , , , , , , , , , , , , , , , , , , , , , , , , , , , , , , , , , , , , , , , , , , , , , , , , , , , , , , , , , , , , , , , , , , , , , , , , , , , , , , , , , , , , , , , , , , , , , , , , , , , , , , , , , , , , , , , , , , , , , , , , , , , , , , , , , , , , , , , , , , , , , , , , , , , , , , , , , , , , , , , , , , , , , , , , , , , , , , , , , , , , , , , , , , , , , , , , , , , , , , , , , , , , , , , , , , , , , , , , , , , , , , , , , , , , , , , , , , , , , , , , , , , , , , , , , , , , , , , , , , , , , , , , , , , , , , , , , , , , , , , , , , , , , , , , , , , , , , , , , , , , , , , , , , , , , , , , , , , , , , , , , , , , , , , , , , , , , , , , ,
540,  , , , , , , , , , , , , , , , , , , , , , , , , , , , , , , , , , , , , , , , , , , , , , , , , , , , , , , , , , , , , , , , , , , , , , , , , , , , , , , , , , , , , , , , , , , , , , , , , , , , , , , , , , , , , , , , , , , , , , , , , , , , , , , , , , , , , , , , , , , , , , , , , , , , , , , , , , , , , , , , , , , , , , , , , , , , , , , , , , , , , , , , , , , , , , , , , , , , , , , , , , , , , , , , , , , , , , , , , , , , , , , , , , , , , , , , , , , , , , , , , , , , , , , , , , , , , , , , , , , , , , , , , , , , , , , , , , , , , , , , , , , , , , , , , , , , , , , , , , , , , , , , , , , , , , , , , , , , , , , , , , , , , , , , , , , , , , , , , , , , , , , , , , , , , , , , , , , , , , , , , , , , , , , , , , , , , , , , , , , , , , , , , , , , , , , , , , , , ,
530,  , , , , , , , , , , , , , , , , , , , , , , , , , , , , , , , , , , , , , , , , , , , , , , , , , , , , , , , , , , , , , , , , , , , , , , , , , , , , , , , , , , , , , , , , , , , , , , , , , , , , , , , , , , , , , , , , , , , , , , , , , , , , , , , , , , , , , , , , , , , , , , , , , , , , , , , , , , , , , , , , , , , , , , , , , , , , , , , , , , , , , , , , , , , , , , , , , , , , , , , , , , , , , , , , , , , , , , , , , , , , , , , , , , , , , , , , , , , , , , , , , , , , , , , , , , , , , , , , , , , , , , , , , , , , , , , , , , , , , , , , , , , , , , , , , , , , , , , , , , , , , , , , , , , , , , , , , , , , , , , , , , , , , , , , , , , , , , , , , , , , , , , , , , , , , , , , , , , , , , , , , , , , , , , , , , , , , , , , , , , , , , , , , , , , , , , , , , , ,
520,  , , , , , , , , , , , , , , , , , , , , , , , , , , , , , , , , , , , , , , , , , , , , , , , , , , , , , , , , , , , , , , , , , , , , , , , , , , , , , , , , , , , , , , , , , , , , , , , , , , , , , , , , , , , , , , , , , , , , , , , , , , , , , , , , , , , , , , , , , , , , , , , , , , , , , , , , , , , , , , , , , , , , , , , , , , , , , , , , , , , , , , , , , , , , , , , , , , , , , , , , , , , , , , , , , , , , , , , , , , , , , , , , , , , , , , , , , , , , , , , , , , , , , , , , , , , , , , , , , , , , , , , , , , , , , , , , , , , , , , , , , , , , , , , , , , , , , , , , , , , , , , , , , , , , , , , , , , , , , , , , , , , , , , , , , , , , , , , , , , , , , , , , , , , , , , , , , , , , , , , , , , , , , , , , , , , , , , , , , , , , , , , , , , , , , , , , , , , ,
510,  , , , , , , , , , , , , , , , , , , , , , , , , , , , , , , , , , , , , , , , , , , , , , , , , , , , , , , , , , , , , , , , , , , , , , , , , , , , , , , , , , , , , , , , , , , , , , , , , , , , , , , , , , , , , , , , , , , , , , , , , , , , , , , , , , , , , , , , , , , , , , , , , , , , , , , , , , , , , , , , , , , , , , , , , , , , , , , , , , , , , , , , , , , , , , , , , , , , , , , , , , , , , , , , , , , , , , , , , , , , , , , , , , , , , , , , , , , , , , , , , , , , , , , , , , , , , , , , , , , , , , , , , , , , , , , , , , , , , , , , , , , , , , , , , , , , , , , , , , , , , , , , , , , , , , , , , , , , , , , , , , , , , , , , , , , , , , , , , , , , , , , , , , , , , , , , , , , , , , , , , , , , , , , , , , , , , , , , , , , , , , , , , , , , , , , , , , , , ,
500,  , , , , , , , , , , , , , , , , , , , , , , , , , , , , , , , , , , , , , , , , , , , , , , , , , , , , , , , , , , , , , , , , , , , , , , , , , , , , , , , , , , , , , , , , , , , , , , , , , , , , , , , , , , , , , , , , , , , , , , , , , , , , , , , , , , , , , , , , , , , , , , , , , , , , , , , , , , , , , , , , , , , , , , , , , , , , , , , , , , , , , , , , , , , , , , , , , , , , , , , , , , , , , , , , , , , , , , , , , , , , , , , , , , , , , , , , , , , , , , , , , , , , , , , , , , , , , , , , , , , , , , , , , , , , , , , , , , , , , , , , , , , , , , , , , , , , , , , , , , , , , , , , , , , , , , , , , , , , , , , , , , , , , , , , , , , , , , , , , , , , , , , , , , , , , , , , , , , , , , , , , , , , , , , , , , , , , , , , , , , , , , , , , , , , , , , , , , , ,
